name;suspiciousness_value
org.jsoup.parser$Tag#isSelfClosing():123;0.18569533817705186
org.jsoup.parser$TreeBuilder#error(org.jsoup.parser.TreeBuilderState):168;0.12909944487358055
org.jsoup.nodes$Document#body():59;0.11704114719613057
org.jsoup.nodes$Document#findFirstElementByTagName(java.lang.String,org.jsoup.nodes.Node):164;0.11624763874381928
org.jsoup.nodes$Document#nodeName():194;0.11624763874381928
org.jsoup.nodes$Element#html():1017;0.10206207261596577
org.jsoup.nodes$Element#html(java.lang.StringBuilder):1023;0.10206207261596577
org.jsoup.nodes$Document$OutputSettings#prettyPrint():282;0.1
org.jsoup.nodes$Element#outerHtmlHead(java.lang.StringBuilder,int,org.jsoup.nodes.Document$OutputSettings):988;0.09901475429766744
org.jsoup.nodes$Element#outerHtmlTail(java.lang.StringBuilder,int,org.jsoup.nodes.Document$OutputSettings):1002;0.09901475429766744
org.jsoup.nodes$Attributes#html(java.lang.StringBuilder,org.jsoup.nodes.Document$OutputSettings):143;0.09853292781642932
org.jsoup.nodes$Node#outerHtml(java.lang.StringBuilder):494;0.09805806756909202
org.jsoup.nodes$Node#getOutputSettings():499;0.09805806756909202
org.jsoup.nodes$Node$OuterHtmlVisitor#Node$OuterHtmlVisitor(java.lang.StringBuilder,org.jsoup.nodes.Document$OutputSettings):569;0.09805806756909202
org.jsoup.nodes$Node$OuterHtmlVisitor#head(org.jsoup.nodes.Node,int):575;0.09805806756909202
org.jsoup.nodes$Node$OuterHtmlVisitor#tail(org.jsoup.nodes.Node,int):579;0.09805806756909202
org.jsoup.nodes$Node#ownerDocument():225;0.09667364890456635
org.jsoup.nodes$Document#outputSettings():334;0.09407208683835973
org.jsoup.parser$TreeBuilder#generateImpliedEndTags(java.lang.String):536;0.07412493166611012
org.jsoup.parser$TreeBuilder#inButtonScope(java.lang.String):469;0.07273929674533079
org.jsoup.parser$TokeniserState$9#read(org.jsoup.parser.Tokeniser,org.jsoup.parser.CharacterReader):165;0.07179581586177382
org.jsoup.parser$TreeBuilderState$6#anythingElse(org.jsoup.parser.Token,org.jsoup.parser.TreeBuilder):240;0.07088812050083358
org.jsoup.parser$TreeBuilder#insert(java.lang.String):187;0.07071067811865475
org.jsoup.parser$TreeBuilderState$2#anythingElse(org.jsoup.parser.Token,org.jsoup.parser.TreeBuilder):61;0.07071067811865475
org.jsoup.parser$TreeBuilder#popStackToClose(java.lang.String):290;0.07053456158585983
org.jsoup.helper$DescendableLinkedList$DescendingIterator#remove():79;0.07035975447302918
org.jsoup$Jsoup#parse(java.lang.String):44;0.07018624063435965
org.jsoup.parser$TreeBuilderState$4#anythingElse(org.jsoup.parser.Token,org.jsoup.parser.TreeBuilder):161;0.07001400420140048
org.jsoup.parser$Tokeniser#emit(java.lang.String):76;0.06984302957695782
org.jsoup.parser$Token#asCharacter():233;0.06984302957695782
org.jsoup.parser$Token$Character#Token$Character(java.lang.String):175;0.06984302957695782
org.jsoup.parser$Token$Character#getData():181;0.06984302957695782
org.jsoup.parser$Token$StartTag#Token$StartTag(java.lang.String):122;0.06950480468569159
org.jsoup.parser$TreeBuilder#inSpecificScope(java.lang.String,java.lang.String[],java.lang.String[]):431;0.06917144638660747
org.jsoup.parser$TreeBuilder#inSpecificScope(java.lang.String[],java.lang.String[],java.lang.String[]):435;0.06917144638660747
org.jsoup.parser$TreeBuilder#inScope(java.lang.String,java.lang.String[]):459;0.06917144638660747
org.jsoup.parser$Token$EndTag#Token$EndTag(java.lang.String):145;0.06900655593423542
org.jsoup.nodes$Attributes#size():86;0.06884283908215143
org.jsoup.helper$DescendableLinkedList$DescendingIterator#next():72;0.06819943394704735
org.jsoup.parser$Parser#parse(java.lang.String,java.lang.String):23;0.06772854614785964
org.jsoup.parser$TreeBuilder#parse(java.lang.String,java.lang.String):51;0.06772854614785964
org.jsoup.parser$TreeBuilder#setHeadElement(org.jsoup.nodes.Element):491;0.06772854614785964
org.jsoup.helper$DescendableLinkedList#descendingIterator():48;0.06772854614785964
org.jsoup.parser$TreeBuilderState$1#process(org.jsoup.parser.Token,org.jsoup.parser.TreeBuilder):16;0.06772854614785964
org.jsoup.parser$TreeBuilderState$2#process(org.jsoup.parser.Token,org.jsoup.parser.TreeBuilder):39;0.06772854614785964
org.jsoup.parser$TreeBuilderState$3#process(org.jsoup.parser.Token,org.jsoup.parser.TreeBuilder):68;0.06772854614785964
org.jsoup.parser$TreeBuilderState$6#process(org.jsoup.parser.Token,org.jsoup.parser.TreeBuilder):196;0.06772854614785964
org.jsoup.helper$DescendableLinkedList$DescendingIterator#DescendableLinkedList$DescendingIterator(org.jsoup.helper.DescendableLinkedList,int):55;0.06772854614785964
org.jsoup.helper$DescendableLinkedList$DescendingIterator#hasNext():64;0.06772854614785964
org.jsoup.parser$Token#isDoctype():197;0.06757373783994859
org.jsoup.parser$Token#isStartTag():205;0.06757373783994859
org.jsoup.parser$Token#isComment():221;0.06757373783994859
org.jsoup.parser$TreeBuilderState$4#process(org.jsoup.parser.Token,org.jsoup.parser.TreeBuilder):96;0.06741998624632421
org.jsoup.parser$TreeBuilder#pop():236;0.06726727939963124
org.jsoup.helper$DescendableLinkedList#peekLast():32;0.06726727939963124
org.jsoup.helper$DescendableLinkedList#pollLast():40;0.06726727939963124
org.jsoup.parser$Token#isEndTag():213;0.06726727939963124
org.jsoup.nodes$Node#nextSibling():443;0.06651901052377393
org.jsoup.select$NodeTraversor#NodeTraversor(org.jsoup.select.NodeVisitor):11;0.06651901052377393
org.jsoup.select$NodeTraversor#traverse(org.jsoup.nodes.Node):16;0.06651901052377393
org.jsoup.nodes$Node#siblingIndex():476;0.0663723311599972
org.jsoup.nodes$Node#childNodes():205;0.06622661785325219
org.jsoup.parser$Tokeniser#emitTagPending():169;0.0659380473395787
org.jsoup.parser$Token$Tag#finaliseTag():64;0.0659380473395787
org.jsoup.parser$TreeBuilderState#isWhitespace(org.jsoup.parser.Token):1456;0.06565321642986127
org.jsoup.parser$CharacterReader#matchesLetter():163;0.06565321642986127
org.jsoup.parser$Tokeniser#createTagPending(boolean):164;0.06565321642986127
org.jsoup.parser$TokeniserState$8#read(org.jsoup.parser.Tokeniser,org.jsoup.parser.CharacterReader):140;0.06565321642986127
org.jsoup.parser$TokeniserState$10#read(org.jsoup.parser.Tokeniser,org.jsoup.parser.CharacterReader):185;0.06565321642986127
org.jsoup.parser$Token#asEndTag():217;0.06565321642986127
org.jsoup.parser$Token#isCharacter():229;0.06565321642986127
org.jsoup.parser$Token$Tag#appendTagName(java.lang.String):91;0.06565321642986127
org.jsoup.helper$StringUtil#in(java.lang.String,java.lang.String[]):125;0.06565321642986127
org.jsoup.parser$TreeBuilder#framesetOk(boolean):136;0.06551217820804184
org.jsoup.parser$TreeBuilder#insert(org.jsoup.parser.Token$StartTag):175;0.06551217820804184
org.jsoup.parser$TreeBuilder#insert(org.jsoup.nodes.Element):193;0.06551217820804184
org.jsoup.nodes$Element#tagName():67;0.06551217820804184
org.jsoup.parser$Token$EndTag#Token$EndTag():140;0.06551217820804184
org.jsoup.parser$TreeBuilderState$7#process(org.jsoup.parser.Token,org.jsoup.parser.TreeBuilder):247;0.06537204504606134
org.jsoup.parser$CharacterReader#advance():42;0.06537204504606134
org.jsoup.parser$CharacterReader#consumeToAny(char[]):80;0.06537204504606134
org.jsoup.parser$Tokeniser#transition(org.jsoup.parser.TokeniserState):88;0.06537204504606134
org.jsoup.parser$Tokeniser#advanceTransition(org.jsoup.parser.TokeniserState):92;0.06537204504606134
org.jsoup.parser$TreeBuilder#TreeBuilder():40;0.06523280730534423
org.jsoup.parser$TreeBuilder#<clinit>():16;0.06523280730534423
org.jsoup.parser$TreeBuilder#initialiseParse(java.lang.String,java.lang.String):43;0.06523280730534423
org.jsoup.parser$TreeBuilder#runParser():101;0.06523280730534423
org.jsoup.parser$TreeBuilder#process(org.jsoup.parser.Token):110;0.06523280730534423
org.jsoup.parser$TreeBuilder#transition(org.jsoup.parser.TreeBuilderState):120;0.06523280730534423
org.jsoup.parser$TreeBuilder#currentElement():144;0.06523280730534423
org.jsoup.parser$TreeBuilder#insertNode(org.jsoup.nodes.Node):226;0.06523280730534423
org.jsoup.parser$TreeBuilder#isFosterInserts():499;0.06523280730534423
org.jsoup.helper$DescendableLinkedList#DescendableLinkedList():16;0.06523280730534423
org.jsoup.parser$TreeBuilderState#TreeBuilderState(java.lang.String,int):13;0.06523280730534423
org.jsoup.parser$TreeBuilderState#<clinit>():14;0.06523280730534423
org.jsoup.nodes$Node#setParentNode(org.jsoup.nodes.Node):373;0.06523280730534423
org.jsoup.nodes$Node#addChildren(org.jsoup.nodes.Node[]):401;0.06523280730534423
org.jsoup.nodes$Node#reparentChild(org.jsoup.nodes.Node):419;0.06523280730534423
org.jsoup.nodes$Node#setSiblingIndex(int):480;0.06523280730534423
org.jsoup.nodes$Element#nodeName():58;0.06523280730534423
org.jsoup.nodes$Element#appendChild(org.jsoup.nodes.Node):223;0.06523280730534423
org.jsoup.parser$Tag#getName():35;0.06523280730534423
org.jsoup.helper$Validate#isFalse(boolean):53;0.06523280730534423
org.jsoup.helper$Validate#isFalse(boolean,java.lang.String):63;0.06523280730534423
org.jsoup.parser$Tokeniser#Tokeniser(org.jsoup.parser.CharacterReader):31;0.06523280730534423
org.jsoup.parser$Tokeniser#read():36;0.06523280730534423
org.jsoup.parser$Tokeniser#emit(org.jsoup.parser.Token):56;0.06523280730534423
org.jsoup.parser$TokeniserState#TokeniserState(java.lang.String,int):6;0.06523280730534423
org.jsoup.parser$TokeniserState#<clinit>():7;0.06523280730534423
org.jsoup.parser$TokeniserState$1#read(org.jsoup.parser.Tokeniser,org.jsoup.parser.CharacterReader):10;0.06523280730534423
org.jsoup.parser$Token#Token():13;0.06523280730534423
org.jsoup.parser$Token#asStartTag():209;0.06523280730534423
org.jsoup.parser$Token$Tag#Token$Tag():43;0.06523280730534423
org.jsoup.parser$Token$Tag#name():71;0.06523280730534423
org.jsoup.parser$Token$Tag#isSelfClosing():81;0.06523280730534423
org.jsoup.parser$Token$StartTag#Token$StartTag():117;0.06523280730534423
org.jsoup.parser$Token$TokenType#Token$TokenType(java.lang.String,int):240;0.06523280730534423
org.jsoup.parser$Token$TokenType#<clinit>():241;0.06523280730534423
org.jsoup.parser$TreeBuilderState$24#<clinit>():100;0.06523280730534423
org.jsoup.parser$Token$EOF#Token$EOF():191;0.06523280730534423
org.jsoup.parser$CharacterReader#consume():32;0.06509445549041194
org.jsoup.parser$CharacterReader#current():28;0.06495698024616309
org.jsoup.nodes$Element#Element(org.jsoup.parser.Tag,java.lang.String):53;0.06482037235521644
org.jsoup.nodes$Document#Document(java.lang.String):27;0.06482037235521644
org.jsoup.nodes$Document$OutputSettings#Document$OutputSettings():214;0.06482037235521644
org.jsoup.nodes$Document$QuirksMode#Document$QuirksMode(java.lang.String,int):337;0.06482037235521644
org.jsoup.nodes$Document$QuirksMode#<clinit>():338;0.06482037235521644
org.jsoup.parser$CharacterReader#CharacterReader(java.lang.String):14;0.06482037235521644
org.jsoup.parser$CharacterReader#isEmpty():24;0.06482037235521644
org.jsoup.nodes$Element#Element(org.jsoup.parser.Tag,java.lang.String,org.jsoup.nodes.Attributes):38;0.06468462273531508
org.jsoup.nodes$Entities$EscapeMode#Entities$EscapeMode(java.lang.String,int,java.util.Map):25;0.06454972243679027
org.jsoup.nodes$Entities$EscapeMode#<clinit>():17;0.06454972243679027
org.jsoup.helper$StringUtil#<clinit>():11;0.06441566264008308
org.jsoup.nodes$Node#Node(java.lang.String,org.jsoup.nodes.Attributes):31;0.0642824346533225
org.jsoup.nodes$Attributes#Attributes():17;0.0642824346533225
org.jsoup.nodes$Entities#<clinit>():38;0.06415002990995841
org.jsoup.parser$Tag#Tag(java.lang.String):25;0.06350006350009525
org.jsoup.parser$Tag#<clinit>():14;0.06350006350009525
org.jsoup.parser$Tag#valueOf(java.lang.String):47;0.06350006350009525
org.jsoup.parser$Tag#register(org.jsoup.parser.Tag):257;0.06350006350009525
org.jsoup.helper$Validate#notEmpty(java.lang.String):91;0.06324555320336758
org.jsoup.helper$Validate#notNull(java.lang.Object):15;0.06237828615518053
org.jsoup$Jsoup#Jsoup():20;0.0
org.jsoup$Jsoup#parse(java.lang.String,java.lang.String):31;0.0
org.jsoup$Jsoup#connect(java.lang.String):59;0.0
org.jsoup$Jsoup#parse(java.io.File,java.lang.String,java.lang.String):74;0.0
org.jsoup$Jsoup#parse(java.io.File,java.lang.String):89;0.0
org.jsoup$Jsoup#parse(java.io.InputStream,java.lang.String,java.lang.String):104;0.0
org.jsoup$Jsoup#parseBodyFragment(java.lang.String,java.lang.String):117;0.0
org.jsoup$Jsoup#parseBodyFragment(java.lang.String):129;0.0
org.jsoup$Jsoup#parse(java.net.URL,int):147;0.0
org.jsoup$Jsoup#clean(java.lang.String,java.lang.String,org.jsoup.safety.Whitelist):164;0.0
org.jsoup$Jsoup#clean(java.lang.String,org.jsoup.safety.Whitelist):181;0.0
org.jsoup$Jsoup#isValid(java.lang.String,org.jsoup.safety.Whitelist):193;0.0
org.jsoup.parser$Parser#Parser():13;0.0
org.jsoup.parser$Parser#parseFragment(java.lang.String,org.jsoup.nodes.Element,java.lang.String):38;0.0
org.jsoup.parser$Parser#parseBodyFragment(java.lang.String,java.lang.String):51;0.0
org.jsoup.parser$Parser#parseBodyFragmentRelaxed(java.lang.String,java.lang.String):69;0.0
org.jsoup.parser$TreeBuilder#parseFragment(java.lang.String,org.jsoup.nodes.Element,java.lang.String):59;0.0
org.jsoup.parser$TreeBuilder#process(org.jsoup.parser.Token,org.jsoup.parser.TreeBuilderState):115;0.0
org.jsoup.parser$TreeBuilder#state():124;0.0
org.jsoup.parser$TreeBuilder#markInsertionMode():128;0.0
org.jsoup.parser$TreeBuilder#originalState():132;0.0
org.jsoup.parser$TreeBuilder#framesetOk():140;0.0
org.jsoup.parser$TreeBuilder#getDocument():148;0.0
org.jsoup.parser$TreeBuilder#getBaseUri():152;0.0
org.jsoup.parser$TreeBuilder#setBaseUri(org.jsoup.nodes.Element):156;0.0
org.jsoup.parser$TreeBuilder#isFragmentParsing():164;0.0
org.jsoup.parser$TreeBuilder#insertEmpty(org.jsoup.parser.Token$StartTag):198;0.0
org.jsoup.parser$TreeBuilder#insert(org.jsoup.parser.Token$Comment):210;0.0
org.jsoup.parser$TreeBuilder#insert(org.jsoup.parser.Token$Character):217;0.0
org.jsoup.parser$TreeBuilder#push(org.jsoup.nodes.Element):244;0.0
org.jsoup.parser$TreeBuilder#getStack():248;0.0
org.jsoup.parser$TreeBuilder#onStack(org.jsoup.nodes.Element):252;0.0
org.jsoup.parser$TreeBuilder#isElementInQueue(org.jsoup.helper.DescendableLinkedList,org.jsoup.nodes.Element):256;0.0
org.jsoup.parser$TreeBuilder#getFromStack(java.lang.String):267;0.0
org.jsoup.parser$TreeBuilder#removeFromStack(org.jsoup.nodes.Element):278;0.0
org.jsoup.parser$TreeBuilder#popStackToClose(java.lang.String[]):303;0.0
org.jsoup.parser$TreeBuilder#popStackToBefore(java.lang.String):316;0.0
org.jsoup.parser$TreeBuilder#clearStackToTableContext():328;0.0
org.jsoup.parser$TreeBuilder#clearStackToTableBodyContext():332;0.0
org.jsoup.parser$TreeBuilder#clearStackToTableRowContext():336;0.0
org.jsoup.parser$TreeBuilder#clearStackToContext(java.lang.String[]):340;0.0
org.jsoup.parser$TreeBuilder#aboveOnStack(org.jsoup.nodes.Element):351;0.0
org.jsoup.parser$TreeBuilder#insertOnStackAfter(org.jsoup.nodes.Element,org.jsoup.nodes.Element):363;0.0
org.jsoup.parser$TreeBuilder#replaceOnStack(org.jsoup.nodes.Element,org.jsoup.nodes.Element):369;0.0
org.jsoup.parser$TreeBuilder#replaceInQueue(java.util.LinkedList,org.jsoup.nodes.Element,org.jsoup.nodes.Element):373;0.0
org.jsoup.parser$TreeBuilder#resetInsertionMode():380;0.0
org.jsoup.parser$TreeBuilder#inScope(java.lang.String[]):451;0.0
org.jsoup.parser$TreeBuilder#inScope(java.lang.String):455;0.0
org.jsoup.parser$TreeBuilder#inListItemScope(java.lang.String):465;0.0
org.jsoup.parser$TreeBuilder#inTableScope(java.lang.String):473;0.0
org.jsoup.parser$TreeBuilder#inSelectScope(java.lang.String):477;0.0
org.jsoup.parser$TreeBuilder#getHeadElement():495;0.0
org.jsoup.parser$TreeBuilder#setFosterInserts(boolean):503;0.0
org.jsoup.parser$TreeBuilder#getFormElement():507;0.0
org.jsoup.parser$TreeBuilder#setFormElement(org.jsoup.nodes.Element):511;0.0
org.jsoup.parser$TreeBuilder#newPendingTableCharacters():515;0.0
org.jsoup.parser$TreeBuilder#getPendingTableCharacters():519;0.0
org.jsoup.parser$TreeBuilder#setPendingTableCharacters(java.util.List):523;0.0
org.jsoup.parser$TreeBuilder#generateImpliedEndTags():542;0.0
org.jsoup.parser$TreeBuilder#isSpecial(org.jsoup.nodes.Element):548;0.0
org.jsoup.parser$TreeBuilder#pushActiveFormattingElements(org.jsoup.nodes.Element):561;0.0
org.jsoup.parser$TreeBuilder#isSameFormattingElement(org.jsoup.nodes.Element,org.jsoup.nodes.Element):581;0.0
org.jsoup.parser$TreeBuilder#reconstructFormattingElements():588;0.0
org.jsoup.parser$TreeBuilder#clearFormattingElementsToLastMarker():626;0.0
org.jsoup.parser$TreeBuilder#removeFromActiveFormattingElements(org.jsoup.nodes.Element):635;0.0
org.jsoup.parser$TreeBuilder#isInActiveFormattingElements(org.jsoup.nodes.Element):646;0.0
org.jsoup.parser$TreeBuilder#getActiveFormattingElement(java.lang.String):650;0.0
org.jsoup.parser$TreeBuilder#replaceActiveFormattingElement(org.jsoup.nodes.Element,org.jsoup.nodes.Element):662;0.0
org.jsoup.parser$TreeBuilder#insertMarkerToFormattingElements():666;0.0
org.jsoup.parser$TreeBuilder#insertInFosterParent(org.jsoup.nodes.Node):670;0.0
org.jsoup.parser$TreeBuilder#toString():693;0.0
org.jsoup.helper$DescendableLinkedList#push(java.lang.Object):24;0.0
org.jsoup.parser$TreeBuilderState#handleRcData(org.jsoup.parser.Token$StartTag,org.jsoup.parser.TreeBuilder):1470;0.0
org.jsoup.parser$TreeBuilderState#handleRawtext(org.jsoup.parser.Token$StartTag,org.jsoup.parser.TreeBuilder):1477;0.0
org.jsoup.parser$TreeBuilderState$5#process(org.jsoup.parser.Token,org.jsoup.parser.TreeBuilder):167;0.0
org.jsoup.parser$TreeBuilderState$5#anythingElse(org.jsoup.parser.Token,org.jsoup.parser.TreeBuilder):189;0.0
org.jsoup.parser$TreeBuilderState$7#anyOtherEndTag(org.jsoup.parser.Token,org.jsoup.parser.TreeBuilder):764;0.0
org.jsoup.parser$TreeBuilderState$8#process(org.jsoup.parser.Token,org.jsoup.parser.TreeBuilder):788;0.0
org.jsoup.parser$TreeBuilderState$9#process(org.jsoup.parser.Token,org.jsoup.parser.TreeBuilder):806;0.0
org.jsoup.parser$TreeBuilderState$9#anythingElse(org.jsoup.parser.Token,org.jsoup.parser.TreeBuilder):890;0.0
org.jsoup.parser$TreeBuilderState$10#process(org.jsoup.parser.Token,org.jsoup.parser.TreeBuilder):904;0.0
org.jsoup.parser$TreeBuilderState$11#process(org.jsoup.parser.Token,org.jsoup.parser.TreeBuilder):940;0.0
org.jsoup.parser$TreeBuilderState$12#process(org.jsoup.parser.Token,org.jsoup.parser.TreeBuilder):975;0.0
org.jsoup.parser$TreeBuilderState$12#anythingElse(org.jsoup.parser.Token,org.jsoup.parser.TreeBuilder):1022;0.0
org.jsoup.parser$TreeBuilderState$13#process(org.jsoup.parser.Token,org.jsoup.parser.TreeBuilder):1030;0.0
org.jsoup.parser$TreeBuilderState$13#exitTableBody(org.jsoup.parser.Token,org.jsoup.parser.TreeBuilder):1074;0.0
org.jsoup.parser$TreeBuilderState$13#anythingElse(org.jsoup.parser.Token,org.jsoup.parser.TreeBuilder):1085;0.0
org.jsoup.parser$TreeBuilderState$14#process(org.jsoup.parser.Token,org.jsoup.parser.TreeBuilder):1090;0.0
org.jsoup.parser$TreeBuilderState$14#anythingElse(org.jsoup.parser.Token,org.jsoup.parser.TreeBuilder):1138;0.0
org.jsoup.parser$TreeBuilderState$14#handleMissingTr(org.jsoup.parser.Token,org.jsoup.parser.TreeBuilder):1142;0.0
org.jsoup.parser$TreeBuilderState$15#process(org.jsoup.parser.Token,org.jsoup.parser.TreeBuilder):1151;0.0
org.jsoup.parser$TreeBuilderState$15#anythingElse(org.jsoup.parser.Token,org.jsoup.parser.TreeBuilder):1196;0.0
org.jsoup.parser$TreeBuilderState$15#closeCell(org.jsoup.parser.TreeBuilder):1200;0.0
org.jsoup.parser$TreeBuilderState$16#process(org.jsoup.parser.Token,org.jsoup.parser.TreeBuilder):1208;0.0
org.jsoup.parser$TreeBuilderState$16#anythingElse(org.jsoup.parser.Token,org.jsoup.parser.TreeBuilder):1290;0.0
org.jsoup.parser$TreeBuilderState$17#process(org.jsoup.parser.Token,org.jsoup.parser.TreeBuilder):1296;0.0
org.jsoup.parser$TreeBuilderState$18#process(org.jsoup.parser.Token,org.jsoup.parser.TreeBuilder):1314;0.0
org.jsoup.parser$TreeBuilderState$19#process(org.jsoup.parser.Token,org.jsoup.parser.TreeBuilder):1342;0.0
org.jsoup.parser$TreeBuilderState$20#process(org.jsoup.parser.Token,org.jsoup.parser.TreeBuilder):1388;0.0
org.jsoup.parser$TreeBuilderState$21#process(org.jsoup.parser.Token,org.jsoup.parser.TreeBuilder):1412;0.0
org.jsoup.parser$TreeBuilderState$22#process(org.jsoup.parser.Token,org.jsoup.parser.TreeBuilder):1428;0.0
org.jsoup.parser$TreeBuilderState$23#process(org.jsoup.parser.Token,org.jsoup.parser.TreeBuilder):1446;0.0
org.jsoup.nodes$Node#Node(java.lang.String):41;0.0
org.jsoup.nodes$Node#Node():47;0.0
org.jsoup.nodes$Node#attr(java.lang.String):71;0.0
org.jsoup.nodes$Node#attributes():85;0.0
org.jsoup.nodes$Node#attr(java.lang.String,java.lang.String):95;0.0
org.jsoup.nodes$Node#hasAttr(java.lang.String):105;0.0
org.jsoup.nodes$Node#removeAttr(java.lang.String):121;0.0
org.jsoup.nodes$Node#baseUri():131;0.0
org.jsoup.nodes$Node#setBaseUri(java.lang.String):139;0.0
org.jsoup.nodes$Node#absUrl(java.lang.String):164;0.0
org.jsoup.nodes$Node#childNode(int):196;0.0
org.jsoup.nodes$Node#childNodesAsArray():209;0.0
org.jsoup.nodes$Node#parent():217;0.0
org.jsoup.nodes$Node#remove():237;0.0
org.jsoup.nodes$Node#before(java.lang.String):248;0.0
org.jsoup.nodes$Node#before(org.jsoup.nodes.Node):259;0.0
org.jsoup.nodes$Node#after(java.lang.String):273;0.0
org.jsoup.nodes$Node#after(org.jsoup.nodes.Node):284;0.0
org.jsoup.nodes$Node#addSiblingHtml(int,java.lang.String):292;0.0
org.jsoup.nodes$Node#wrap(java.lang.String):306;0.0
org.jsoup.nodes$Node#unwrap():344;0.0
org.jsoup.nodes$Node#getDeepChild(org.jsoup.nodes.Element):355;0.0
org.jsoup.nodes$Node#replaceWith(org.jsoup.nodes.Node):367;0.0
org.jsoup.nodes$Node#replaceChild(org.jsoup.nodes.Node,org.jsoup.nodes.Node):379;0.0
org.jsoup.nodes$Node#removeChild(org.jsoup.nodes.Node):392;0.0
org.jsoup.nodes$Node#addChildren(int,org.jsoup.nodes.Node[]):409;0.0
org.jsoup.nodes$Node#reindexChildren():425;0.0
org.jsoup.nodes$Node#siblingNodes():435;0.0
org.jsoup.nodes$Node#previousSibling():460;0.0
org.jsoup.nodes$Node#outerHtml():488;0.0
org.jsoup.nodes$Node#toString():511;0.0
org.jsoup.nodes$Node#indent(java.lang.StringBuilder,int,org.jsoup.nodes.Document$OutputSettings):515;0.0
org.jsoup.nodes$Node#equals(java.lang.Object):520;0.0
org.jsoup.nodes$Node#hashCode():527;0.0
org.jsoup.nodes$Node#clone():543;0.0
org.jsoup.nodes$Node#doClone(org.jsoup.nodes.Node):549;0.0
org.jsoup.nodes$Element#tagName(java.lang.String):78;0.0
org.jsoup.nodes$Element#tag():89;0.0
org.jsoup.nodes$Element#isBlock():99;0.0
org.jsoup.nodes$Element#id():108;0.0
org.jsoup.nodes$Element#attr(java.lang.String,java.lang.String):119;0.0
org.jsoup.nodes$Element#dataset():137;0.0
org.jsoup.nodes$Element#parent():142;0.0
org.jsoup.nodes$Element#parents():150;0.0
org.jsoup.nodes$Element#accumulateParents(org.jsoup.nodes.Element,org.jsoup.select.Elements):156;0.0
org.jsoup.nodes$Element#child(int):174;0.0
org.jsoup.nodes$Element#children():187;0.0
org.jsoup.nodes$Element#select(java.lang.String):213;0.0
org.jsoup.nodes$Element#prependChild(org.jsoup.nodes.Node):236;0.0
org.jsoup.nodes$Element#appendElement(java.lang.String):250;0.0
org.jsoup.nodes$Element#prependElement(java.lang.String):263;0.0
org.jsoup.nodes$Element#appendText(java.lang.String):275;0.0
org.jsoup.nodes$Element#prependText(java.lang.String):287;0.0
org.jsoup.nodes$Element#append(java.lang.String):299;0.0
org.jsoup.nodes$Element#prepend(java.lang.String):313;0.0
org.jsoup.nodes$Element#before(java.lang.String):329;0.0
org.jsoup.nodes$Element#before(org.jsoup.nodes.Node):340;0.0
org.jsoup.nodes$Element#after(java.lang.String):352;0.0
org.jsoup.nodes$Element#after(org.jsoup.nodes.Node):363;0.0
org.jsoup.nodes$Element#empty():371;0.0
org.jsoup.nodes$Element#wrap(java.lang.String):383;0.0
org.jsoup.nodes$Element#siblingElements():391;0.0
org.jsoup.nodes$Element#nextElementSibling():403;0.0
org.jsoup.nodes$Element#previousElementSibling():418;0.0
org.jsoup.nodes$Element#firstElementSibling():433;0.0
org.jsoup.nodes$Element#elementSiblingIndex():443;0.0
org.jsoup.nodes$Element#lastElementSibling():452;0.0
org.jsoup.nodes$Element#indexInList(org.jsoup.nodes.Element,java.util.List):457;0.0
org.jsoup.nodes$Element#getElementsByTag(java.lang.String):476;0.0
org.jsoup.nodes$Element#getElementById(java.lang.String):492;0.0
org.jsoup.nodes$Element#getElementsByClass(java.lang.String):513;0.0
org.jsoup.nodes$Element#getElementsByAttribute(java.lang.String):525;0.0
org.jsoup.nodes$Element#getElementsByAttributeStarting(java.lang.String):538;0.0
org.jsoup.nodes$Element#getElementsByAttributeValue(java.lang.String,java.lang.String):552;0.0
org.jsoup.nodes$Element#getElementsByAttributeValueNot(java.lang.String,java.lang.String):563;0.0
org.jsoup.nodes$Element#getElementsByAttributeValueStarting(java.lang.String,java.lang.String):574;0.0
org.jsoup.nodes$Element#getElementsByAttributeValueEnding(java.lang.String,java.lang.String):585;0.0
org.jsoup.nodes$Element#getElementsByAttributeValueContaining(java.lang.String,java.lang.String):596;0.0
org.jsoup.nodes$Element#getElementsByAttributeValueMatching(java.lang.String,java.util.regex.Pattern):606;0.0
org.jsoup.nodes$Element#getElementsByAttributeValueMatching(java.lang.String,java.lang.String):619;0.0
org.jsoup.nodes$Element#getElementsByIndexLessThan(int):632;0.0
org.jsoup.nodes$Element#getElementsByIndexGreaterThan(int):641;0.0
org.jsoup.nodes$Element#getElementsByIndexEquals(int):650;0.0
org.jsoup.nodes$Element#getElementsContainingText(java.lang.String):661;0.0
org.jsoup.nodes$Element#getElementsContainingOwnText(java.lang.String):672;0.0
org.jsoup.nodes$Element#getElementsMatchingText(java.util.regex.Pattern):682;0.0
org.jsoup.nodes$Element#getElementsMatchingText(java.lang.String):694;0.0
org.jsoup.nodes$Element#getElementsMatchingOwnText(java.util.regex.Pattern):708;0.0
org.jsoup.nodes$Element#getElementsMatchingOwnText(java.lang.String):720;0.0
org.jsoup.nodes$Element#getAllElements():733;0.0
org.jsoup.nodes$Element#text():745;0.0
org.jsoup.nodes$Element#text(java.lang.StringBuilder):751;0.0
org.jsoup.nodes$Element#ownText():777;0.0
org.jsoup.nodes$Element#ownText(java.lang.StringBuilder):783;0.0
org.jsoup.nodes$Element#appendNormalisedText(java.lang.StringBuilder,org.jsoup.nodes.TextNode):794;0.0
org.jsoup.nodes$Element#appendWhitespaceIfBr(org.jsoup.nodes.Element,java.lang.StringBuilder):805;0.0
org.jsoup.nodes$Element#preserveWhitespace():810;0.0
org.jsoup.nodes$Element#text(java.lang.String):819;0.0
org.jsoup.nodes$Element#hasText():833;0.0
org.jsoup.nodes$Element#data():852;0.0
org.jsoup.nodes$Element#className():873;0.0
org.jsoup.nodes$Element#classNames():883;0.0
org.jsoup.nodes$Element#classNames(java.util.Set):896;0.0
org.jsoup.nodes$Element#hasClass(java.lang.String):907;0.0
org.jsoup.nodes$Element#addClass(java.lang.String):921;0.0
org.jsoup.nodes$Element#removeClass(java.lang.String):936;0.0
org.jsoup.nodes$Element#toggleClass(java.lang.String):951;0.0
org.jsoup.nodes$Element#val():968;0.0
org.jsoup.nodes$Element#val(java.lang.String):980;0.0
org.jsoup.nodes$Element#html(java.lang.String):1034;0.0
org.jsoup.nodes$Element#toString():1040;0.0
org.jsoup.nodes$Element#equals(java.lang.Object):1045;0.0
org.jsoup.nodes$Element#hashCode():1051;0.0
org.jsoup.nodes$Element#clone():1058;0.0
org.jsoup.nodes$Document#createShell(java.lang.String):36;0.0
org.jsoup.nodes$Document#head():51;0.0
org.jsoup.nodes$Document#title():67;0.0
org.jsoup.nodes$Document#title(java.lang.String):77;0.0
org.jsoup.nodes$Document#createElement(java.lang.String):92;0.0
org.jsoup.nodes$Document#normalise():101;0.0
org.jsoup.nodes$Document#normaliseTextNodes(org.jsoup.nodes.Element):123;0.0
org.jsoup.nodes$Document#normaliseStructure(java.lang.String,org.jsoup.nodes.Element):142;0.0
org.jsoup.nodes$Document#outerHtml():178;0.0
org.jsoup.nodes$Document#text(java.lang.String):188;0.0
org.jsoup.nodes$Document#clone():199;0.0
org.jsoup.nodes$Document#quirksMode():342;0.0
org.jsoup.nodes$Document#quirksMode(org.jsoup.nodes.Document$QuirksMode):346;0.0
org.jsoup.parser$Tag#isBlock():69;0.0
org.jsoup.parser$Tag#formatAsBlock():78;0.0
org.jsoup.parser$Tag#canContainBlock():87;0.0
org.jsoup.parser$Tag#isInline():96;0.0
org.jsoup.parser$Tag#isData():105;0.0
org.jsoup.parser$Tag#isEmpty():114;0.0
org.jsoup.parser$Tag#isKnownTag():132;0.0
org.jsoup.parser$Tag#isKnownTag(java.lang.String):142;0.0
org.jsoup.parser$Tag#preserveWhitespace():151;0.0
org.jsoup.parser$Tag#setSelfClosing():155;0.0
org.jsoup.parser$Tag#equals(java.lang.Object):161;0.0
org.jsoup.parser$Tag#hashCode():180;0.0
org.jsoup.parser$Tag#toString():192;0.0
org.jsoup.helper$Validate#Validate():8;0.0
org.jsoup.helper$Validate#notNull(java.lang.Object,java.lang.String):25;0.0
org.jsoup.helper$Validate#isTrue(boolean):34;0.0
org.jsoup.helper$Validate#isTrue(boolean,java.lang.String):44;0.0
org.jsoup.helper$Validate#noNullElements(java.lang.Object[]):72;0.0
org.jsoup.helper$Validate#noNullElements(java.lang.Object[],java.lang.String):81;0.0
org.jsoup.helper$Validate#notEmpty(java.lang.String,java.lang.String):101;0.0
org.jsoup.helper$Validate#fail(java.lang.String):110;0.0
org.jsoup.nodes$Attributes#get(java.lang.String):31;0.0
org.jsoup.nodes$Attributes#put(java.lang.String,java.lang.String):46;0.0
org.jsoup.nodes$Attributes#put(org.jsoup.nodes.Attribute):55;0.0
org.jsoup.nodes$Attributes#remove(java.lang.String):66;0.0
org.jsoup.nodes$Attributes#hasKey(java.lang.String):78;0.0
org.jsoup.nodes$Attributes#addAll(org.jsoup.nodes.Attributes):96;0.0
org.jsoup.nodes$Attributes#iterator():104;0.0
org.jsoup.nodes$Attributes#asList():113;0.0
org.jsoup.nodes$Attributes#dataset():129;0.0
org.jsoup.nodes$Attributes#html():137;0.0
org.jsoup.nodes$Attributes#toString():154;0.0
org.jsoup.nodes$Attributes#equals(java.lang.Object):159;0.0
org.jsoup.nodes$Attributes#hashCode():171;0.0
org.jsoup.nodes$Attributes#clone():176;0.0
org.jsoup.nodes$Attributes#dataKey(java.lang.String):247;0.0
org.jsoup.nodes$Document$OutputSettings#escapeMode():225;0.0
org.jsoup.nodes$Document$OutputSettings#escapeMode(org.jsoup.nodes.Entities$EscapeMode):234;0.0
org.jsoup.nodes$Document$OutputSettings#charset():247;0.0
org.jsoup.nodes$Document$OutputSettings#charset(java.nio.charset.Charset):257;0.0
org.jsoup.nodes$Document$OutputSettings#charset(java.lang.String):268;0.0
org.jsoup.nodes$Document$OutputSettings#encoder():273;0.0
org.jsoup.nodes$Document$OutputSettings#prettyPrint(boolean):291;0.0
org.jsoup.nodes$Document$OutputSettings#indentAmount():300;0.0
org.jsoup.nodes$Document$OutputSettings#indentAmount(int):309;0.0
org.jsoup.nodes$Document$OutputSettings#clone():318;0.0
org.jsoup.nodes$Entities$EscapeMode#getMap():30;0.0
org.jsoup.nodes$Entities#Entities():41;0.0
org.jsoup.nodes$Entities#isNamedEntity(java.lang.String):49;0.0
org.jsoup.nodes$Entities#getCharacterByName(java.lang.String):58;0.0
org.jsoup.nodes$Entities#escape(java.lang.String,org.jsoup.nodes.Document$OutputSettings):62;0.0
org.jsoup.nodes$Entities#escape(java.lang.String,java.nio.charset.CharsetEncoder,org.jsoup.nodes.Entities$EscapeMode):66;0.0
org.jsoup.nodes$Entities#unescape(java.lang.String):83;0.0
org.jsoup.nodes$Entities#unescape(java.lang.String,boolean):94;0.0
org.jsoup.parser$CharacterReader#pos():20;0.0
org.jsoup.parser$CharacterReader#unconsume():38;0.0
org.jsoup.parser$CharacterReader#mark():46;0.0
org.jsoup.parser$CharacterReader#rewindToMark():50;0.0
org.jsoup.parser$CharacterReader#consumeAsString():54;0.0
org.jsoup.parser$CharacterReader#consumeTo(char):58;0.0
org.jsoup.parser$CharacterReader#consumeTo(java.lang.String):69;0.0
org.jsoup.parser$CharacterReader#consumeToEnd():95;0.0
org.jsoup.parser$CharacterReader#consumeLetterSequence():101;0.0
org.jsoup.parser$CharacterReader#consumeHexSequence():114;0.0
org.jsoup.parser$CharacterReader#consumeDigitSequence():126;0.0
org.jsoup.parser$CharacterReader#matches(char):138;0.0
org.jsoup.parser$CharacterReader#matches(java.lang.String):143;0.0
org.jsoup.parser$CharacterReader#matchesIgnoreCase(java.lang.String):147;0.0
org.jsoup.parser$CharacterReader#matchesAny(char[]):151;0.0
org.jsoup.parser$CharacterReader#matchesDigit():170;0.0
org.jsoup.parser$CharacterReader#matchConsume(java.lang.String):177;0.0
org.jsoup.parser$CharacterReader#matchConsumeIgnoreCase(java.lang.String):186;0.0
org.jsoup.parser$CharacterReader#containsIgnoreCase(java.lang.String):196;0.0
org.jsoup.parser$CharacterReader#toString():203;0.0
org.jsoup.parser$Tokeniser#emit(char):80;0.0
org.jsoup.parser$Tokeniser#getState():84;0.0
org.jsoup.parser$Tokeniser#acknowledgeSelfClosingFlag():97;0.0
org.jsoup.parser$Tokeniser#consumeCharacterReference(java.lang.Character,boolean):101;0.0
org.jsoup.parser$Tokeniser#createCommentPending():174;0.0
org.jsoup.parser$Tokeniser#emitCommentPending():178;0.0
org.jsoup.parser$Tokeniser#createDoctypePending():182;0.0
org.jsoup.parser$Tokeniser#emitDoctypePending():186;0.0
org.jsoup.parser$Tokeniser#createTempBuffer():190;0.0
org.jsoup.parser$Tokeniser#isAppropriateEndTagToken():194;0.0
org.jsoup.parser$Tokeniser#appropriateEndTagName():198;0.0
org.jsoup.parser$Tokeniser#isTrackErrors():202;0.0
org.jsoup.parser$Tokeniser#setTrackErrors(boolean):206;0.0
org.jsoup.parser$Tokeniser#error(org.jsoup.parser.TokeniserState):210;0.0
org.jsoup.parser$Tokeniser#eofError(org.jsoup.parser.TokeniserState):215;0.0
org.jsoup.parser$Tokeniser#characterReferenceError():220;0.0
org.jsoup.parser$Tokeniser#error(java.lang.String):225;0.0
org.jsoup.parser$Tokeniser#currentNodeInHtmlNS():231;0.0
org.jsoup.parser$TokeniserState$2#read(org.jsoup.parser.Tokeniser,org.jsoup.parser.CharacterReader):34;0.0
org.jsoup.parser$TokeniserState$3#read(org.jsoup.parser.Tokeniser,org.jsoup.parser.CharacterReader):45;0.0
org.jsoup.parser$TokeniserState$4#read(org.jsoup.parser.Tokeniser,org.jsoup.parser.CharacterReader):69;0.0
org.jsoup.parser$TokeniserState$5#read(org.jsoup.parser.Tokeniser,org.jsoup.parser.CharacterReader):79;0.0
org.jsoup.parser$TokeniserState$6#read(org.jsoup.parser.Tokeniser,org.jsoup.parser.CharacterReader):100;0.0
org.jsoup.parser$TokeniserState$7#read(org.jsoup.parser.Tokeniser,org.jsoup.parser.CharacterReader):121;0.0
org.jsoup.parser$TokeniserState$11#read(org.jsoup.parser.Tokeniser,org.jsoup.parser.CharacterReader):215;0.0
org.jsoup.parser$TokeniserState$12#read(org.jsoup.parser.Tokeniser,org.jsoup.parser.CharacterReader):233;0.0
org.jsoup.parser$TokeniserState$13#read(org.jsoup.parser.Tokeniser,org.jsoup.parser.CharacterReader):246;0.0
org.jsoup.parser$TokeniserState$13#anythingElse(org.jsoup.parser.Tokeniser,org.jsoup.parser.CharacterReader):284;0.0
org.jsoup.parser$TokeniserState$14#read(org.jsoup.parser.Tokeniser,org.jsoup.parser.CharacterReader):290;0.0
org.jsoup.parser$TokeniserState$15#read(org.jsoup.parser.Tokeniser,org.jsoup.parser.CharacterReader):301;0.0
org.jsoup.parser$TokeniserState$16#read(org.jsoup.parser.Tokeniser,org.jsoup.parser.CharacterReader):312;0.0
org.jsoup.parser$TokeniserState$16#anythingElse(org.jsoup.parser.Tokeniser,org.jsoup.parser.CharacterReader):344;0.0
org.jsoup.parser$TokeniserState$17#read(org.jsoup.parser.Tokeniser,org.jsoup.parser.CharacterReader):350;0.0
org.jsoup.parser$TokeniserState$18#read(org.jsoup.parser.Tokeniser,org.jsoup.parser.CharacterReader):368;0.0
org.jsoup.parser$TokeniserState$19#read(org.jsoup.parser.Tokeniser,org.jsoup.parser.CharacterReader):380;0.0
org.jsoup.parser$TokeniserState$19#anythingElse(org.jsoup.parser.Tokeniser,org.jsoup.parser.CharacterReader):413;0.0
org.jsoup.parser$TokeniserState$20#read(org.jsoup.parser.Tokeniser,org.jsoup.parser.CharacterReader):419;0.0
org.jsoup.parser$TokeniserState$21#read(org.jsoup.parser.Tokeniser,org.jsoup.parser.CharacterReader):429;0.0
org.jsoup.parser$TokeniserState$22#read(org.jsoup.parser.Tokeniser,org.jsoup.parser.CharacterReader):439;0.0
org.jsoup.parser$TokeniserState$23#read(org.jsoup.parser.Tokeniser,org.jsoup.parser.CharacterReader):466;0.0
org.jsoup.parser$TokeniserState$24#read(org.jsoup.parser.Tokeniser,org.jsoup.parser.CharacterReader):494;0.0
org.jsoup.parser$TokeniserState$25#read(org.jsoup.parser.Tokeniser,org.jsoup.parser.CharacterReader):525;0.0
org.jsoup.parser$TokeniserState$26#read(org.jsoup.parser.Tokeniser,org.jsoup.parser.CharacterReader):541;0.0
org.jsoup.parser$TokeniserState$27#read(org.jsoup.parser.Tokeniser,org.jsoup.parser.CharacterReader):554;0.0
org.jsoup.parser$TokeniserState$27#anythingElse(org.jsoup.parser.Tokeniser,org.jsoup.parser.CharacterReader):589;0.0
org.jsoup.parser$TokeniserState$28#read(org.jsoup.parser.Tokeniser,org.jsoup.parser.CharacterReader):595;0.0
org.jsoup.parser$TokeniserState$29#read(org.jsoup.parser.Tokeniser,org.jsoup.parser.CharacterReader):624;0.0
org.jsoup.parser$TokeniserState$30#read(org.jsoup.parser.Tokeniser,org.jsoup.parser.CharacterReader):651;0.0
org.jsoup.parser$TokeniserState$31#read(org.jsoup.parser.Tokeniser,org.jsoup.parser.CharacterReader):678;0.0
org.jsoup.parser$TokeniserState$32#read(org.jsoup.parser.Tokeniser,org.jsoup.parser.CharacterReader):708;0.0
org.jsoup.parser$TokeniserState$33#read(org.jsoup.parser.Tokeniser,org.jsoup.parser.CharacterReader):719;0.0
org.jsoup.parser$TokeniserState$34#read(org.jsoup.parser.Tokeniser,org.jsoup.parser.CharacterReader):749;0.0
org.jsoup.parser$TokeniserState$35#read(org.jsoup.parser.Tokeniser,org.jsoup.parser.CharacterReader):792;0.0
org.jsoup.parser$TokeniserState$36#read(org.jsoup.parser.Tokeniser,org.jsoup.parser.CharacterReader):832;0.0
org.jsoup.parser$TokeniserState$37#read(org.jsoup.parser.Tokeniser,org.jsoup.parser.CharacterReader):876;0.0
org.jsoup.parser$TokeniserState$38#read(org.jsoup.parser.Tokeniser,org.jsoup.parser.CharacterReader):923;0.0
org.jsoup.parser$TokeniserState$39#read(org.jsoup.parser.Tokeniser,org.jsoup.parser.CharacterReader):953;0.0
org.jsoup.parser$TokeniserState$40#read(org.jsoup.parser.Tokeniser,org.jsoup.parser.CharacterReader):983;0.0
org.jsoup.parser$TokeniserState$41#read(org.jsoup.parser.Tokeniser,org.jsoup.parser.CharacterReader):1030;0.0
org.jsoup.parser$TokeniserState$42#read(org.jsoup.parser.Tokeniser,org.jsoup.parser.CharacterReader):1059;0.0
org.jsoup.parser$TokeniserState$43#read(org.jsoup.parser.Tokeniser,org.jsoup.parser.CharacterReader):1080;0.0
org.jsoup.parser$TokeniserState$44#read(org.jsoup.parser.Tokeniser,org.jsoup.parser.CharacterReader):1090;0.0
org.jsoup.parser$TokeniserState$45#read(org.jsoup.parser.Tokeniser,org.jsoup.parser.CharacterReader):1108;0.0
org.jsoup.parser$TokeniserState$46#read(org.jsoup.parser.Tokeniser,org.jsoup.parser.CharacterReader):1136;0.0
org.jsoup.parser$TokeniserState$47#read(org.jsoup.parser.Tokeniser,org.jsoup.parser.CharacterReader):1164;0.0
org.jsoup.parser$TokeniserState$48#read(org.jsoup.parser.Tokeniser,org.jsoup.parser.CharacterReader):1185;0.0
org.jsoup.parser$TokeniserState$49#read(org.jsoup.parser.Tokeniser,org.jsoup.parser.CharacterReader):1208;0.0
org.jsoup.parser$TokeniserState$50#read(org.jsoup.parser.Tokeniser,org.jsoup.parser.CharacterReader):1241;0.0
org.jsoup.parser$TokeniserState$51#read(org.jsoup.parser.Tokeniser,org.jsoup.parser.CharacterReader):1269;0.0
org.jsoup.parser$TokeniserState$52#read(org.jsoup.parser.Tokeniser,org.jsoup.parser.CharacterReader):1292;0.0
org.jsoup.parser$TokeniserState$53#read(org.jsoup.parser.Tokeniser,org.jsoup.parser.CharacterReader):1325;0.0
org.jsoup.parser$TokeniserState$54#read(org.jsoup.parser.Tokeniser,org.jsoup.parser.CharacterReader):1359;0.0
org.jsoup.parser$TokeniserState$55#read(org.jsoup.parser.Tokeniser,org.jsoup.parser.CharacterReader):1383;0.0
org.jsoup.parser$TokeniserState$56#read(org.jsoup.parser.Tokeniser,org.jsoup.parser.CharacterReader):1422;0.0
org.jsoup.parser$TokeniserState$57#read(org.jsoup.parser.Tokeniser,org.jsoup.parser.CharacterReader):1458;0.0
org.jsoup.parser$TokeniserState$58#read(org.jsoup.parser.Tokeniser,org.jsoup.parser.CharacterReader):1486;0.0
org.jsoup.parser$TokeniserState$59#read(org.jsoup.parser.Tokeniser,org.jsoup.parser.CharacterReader):1514;0.0
org.jsoup.parser$TokeniserState$60#read(org.jsoup.parser.Tokeniser,org.jsoup.parser.CharacterReader):1551;0.0
org.jsoup.parser$TokeniserState$61#read(org.jsoup.parser.Tokeniser,org.jsoup.parser.CharacterReader):1587;0.0
org.jsoup.parser$TokeniserState$62#read(org.jsoup.parser.Tokeniser,org.jsoup.parser.CharacterReader):1626;0.0
org.jsoup.parser$TokeniserState$63#read(org.jsoup.parser.Tokeniser,org.jsoup.parser.CharacterReader):1662;0.0
org.jsoup.parser$TokeniserState$64#read(org.jsoup.parser.Tokeniser,org.jsoup.parser.CharacterReader):1690;0.0
org.jsoup.parser$TokeniserState$65#read(org.jsoup.parser.Tokeniser,org.jsoup.parser.CharacterReader):1718;0.0
org.jsoup.parser$TokeniserState$66#read(org.jsoup.parser.Tokeniser,org.jsoup.parser.CharacterReader):1744;0.0
org.jsoup.parser$TokeniserState$67#read(org.jsoup.parser.Tokeniser,org.jsoup.parser.CharacterReader):1762;0.0
org.jsoup.parser$Token#asDoctype():201;0.0
org.jsoup.parser$Token#asComment():225;0.0
org.jsoup.parser$Token#isEOF():237;0.0
org.jsoup.parser$Token$Tag#newAttribute():52;0.0
org.jsoup.parser$Token$Tag#name(java.lang.String):76;0.0
org.jsoup.parser$Token$Tag#getAttributes():86;0.0
org.jsoup.parser$Token$Tag#appendTagName(char):95;0.0
org.jsoup.parser$Token$Tag#appendAttributeName(java.lang.String):99;0.0
org.jsoup.parser$Token$Tag#appendAttributeName(char):103;0.0
org.jsoup.parser$Token$Tag#appendAttributeValue(java.lang.String):107;0.0
org.jsoup.parser$Token$Tag#appendAttributeValue(char):111;0.0
org.jsoup.parser$Token$StartTag#Token$StartTag(java.lang.String,org.jsoup.nodes.Attributes):127;0.0
org.jsoup.parser$Token$StartTag#toString():134;0.0
org.jsoup.nodes$Attribute#Attribute(java.lang.String,java.lang.String):21;0.0
org.jsoup.nodes$Attribute#getKey():33;0.0
org.jsoup.nodes$Attribute#setKey(java.lang.String):41;0.0
org.jsoup.nodes$Attribute#getValue():50;0.0
org.jsoup.nodes$Attribute#setValue(java.lang.String):58;0.0
org.jsoup.nodes$Attribute#html():69;0.0
org.jsoup.nodes$Attribute#html(java.lang.StringBuilder,org.jsoup.nodes.Document$OutputSettings):73;0.0
org.jsoup.nodes$Attribute#toString():85;0.0
org.jsoup.nodes$Attribute#createFromEncoded(java.lang.String,java.lang.String):95;0.0
org.jsoup.nodes$Attribute#isDataAttribute():100;0.0
org.jsoup.nodes$Attribute#equals(java.lang.Object):105;0.0
org.jsoup.nodes$Attribute#hashCode():118;0.0
org.jsoup.nodes$Attribute#clone():126;0.0
org.jsoup.helper$StringUtil#StringUtil():9;0.0
org.jsoup.helper$StringUtil#join(java.util.Collection,java.lang.String):20;0.0
org.jsoup.helper$StringUtil#join(java.util.Iterator,java.lang.String):30;0.0
org.jsoup.helper$StringUtil#padding(int):51;0.0
org.jsoup.helper$StringUtil#isBlank(java.lang.String):69;0.0
org.jsoup.helper$StringUtil#isNumeric(java.lang.String):86;0.0
org.jsoup.helper$StringUtil#normaliseWhitespace(java.lang.String):98;0.0
org.jsoup.parser$Token$EndTag#toString():151;0.0
org.jsoup.parser$Token$Character#toString():186;0.0
org.jsoup.nodes$TextNode#TextNode(java.lang.String,java.lang.String):26;0.0
org.jsoup.nodes$TextNode#nodeName():32;0.0
org.jsoup.nodes$TextNode#text():41;0.0
org.jsoup.nodes$TextNode#text(java.lang.String):50;0.0
org.jsoup.nodes$TextNode#getWholeText():61;0.0
org.jsoup.nodes$TextNode#isBlank():69;0.0
org.jsoup.nodes$TextNode#splitText(int):79;0.0
org.jsoup.nodes$TextNode#outerHtmlHead(java.lang.StringBuilder,int,org.jsoup.nodes.Document$OutputSettings):93;0.0
org.jsoup.nodes$TextNode#outerHtmlTail(java.lang.StringBuilder,int,org.jsoup.nodes.Document$OutputSettings):103;0.0
org.jsoup.nodes$TextNode#toString():106;0.0
org.jsoup.nodes$TextNode#createFromEncoded(java.lang.String,java.lang.String):115;0.0
org.jsoup.nodes$TextNode#normaliseWhitespace(java.lang.String):120;0.0
org.jsoup.nodes$TextNode#stripLeadingWhitespace(java.lang.String):125;0.0
org.jsoup.nodes$TextNode#lastCharIsWhitespace(java.lang.StringBuilder):129;0.0
org.jsoup.nodes$TextNode#ensureAttributes():134;0.0
org.jsoup.nodes$TextNode#attr(java.lang.String):142;0.0
org.jsoup.nodes$TextNode#attributes():148;0.0
org.jsoup.nodes$TextNode#attr(java.lang.String,java.lang.String):154;0.0
org.jsoup.nodes$TextNode#hasAttr(java.lang.String):160;0.0
org.jsoup.nodes$TextNode#removeAttr(java.lang.String):166;0.0
org.jsoup.nodes$TextNode#absUrl(java.lang.String):172;0.0
org.jsoup.select$Selector#Selector(java.lang.String,org.jsoup.nodes.Element):60;0.0
org.jsoup.select$Selector#select(java.lang.String,org.jsoup.nodes.Element):79;0.0
org.jsoup.select$Selector#select(java.lang.String,java.lang.Iterable):90;0.0
org.jsoup.select$Selector#select():101;0.0
org.jsoup.select$Selector#filterOut(java.util.Collection,java.util.Collection):106;0.0
org.jsoup.select$QueryParser#QueryParser(java.lang.String):25;0.0
org.jsoup.select$QueryParser#<clinit>():15;0.0
org.jsoup.select$QueryParser#parse(java.lang.String):36;0.0
org.jsoup.select$QueryParser#parse():45;0.0
org.jsoup.select$QueryParser#combinator(char):82;0.0
org.jsoup.select$QueryParser#consumeSubQuery():106;0.0
org.jsoup.select$QueryParser#findElements():121;0.0
org.jsoup.select$QueryParser#byId():155;0.0
org.jsoup.select$QueryParser#byClass():161;0.0
org.jsoup.select$QueryParser#byTag():167;0.0
org.jsoup.select$QueryParser#byAttribute():178;0.0
org.jsoup.select$QueryParser#allElements():212;0.0
org.jsoup.select$QueryParser#indexLessThan():217;0.0
org.jsoup.select$QueryParser#indexGreaterThan():221;0.0
org.jsoup.select$QueryParser#indexEquals():225;0.0
org.jsoup.select$QueryParser#consumeIndex():229;0.0
org.jsoup.select$QueryParser#has():236;0.0
org.jsoup.select$QueryParser#contains(boolean):244;0.0
org.jsoup.select$QueryParser#matches(boolean):255;0.0
org.jsoup.select$QueryParser#not():267;0.0
org.jsoup.parser$TokenQueue#TokenQueue(java.lang.String):20;0.0
org.jsoup.parser$TokenQueue#isEmpty():30;0.0
org.jsoup.parser$TokenQueue#remainingLength():34;0.0
org.jsoup.parser$TokenQueue#peek():42;0.0
org.jsoup.parser$TokenQueue#addFirst(java.lang.Character):50;0.0
org.jsoup.parser$TokenQueue#addFirst(java.lang.String):59;0.0
org.jsoup.parser$TokenQueue#matches(java.lang.String):69;0.0
org.jsoup.parser$TokenQueue#matchesCS(java.lang.String):78;0.0
org.jsoup.parser$TokenQueue#matchesAny(java.lang.String[]):88;0.0
org.jsoup.parser$TokenQueue#matchesAny(char[]):96;0.0
org.jsoup.parser$TokenQueue#matchesStartTag():108;0.0
org.jsoup.parser$TokenQueue#matchChomp(java.lang.String):118;0.0
org.jsoup.parser$TokenQueue#matchesWhitespace():131;0.0
org.jsoup.parser$TokenQueue#matchesWord():139;0.0
org.jsoup.parser$TokenQueue#advance():146;0.0
org.jsoup.parser$TokenQueue#consume():154;0.0
org.jsoup.parser$TokenQueue#consume(java.lang.String):165;0.0
org.jsoup.parser$TokenQueue#consumeTo(java.lang.String):180;0.0
org.jsoup.parser$TokenQueue#consumeToIgnoreCase(java.lang.String):191;0.0
org.jsoup.parser$TokenQueue#consumeToAny(java.lang.String[]):223;0.0
org.jsoup.parser$TokenQueue#chompTo(java.lang.String):241;0.0
org.jsoup.parser$TokenQueue#chompToIgnoreCase(java.lang.String):247;0.0
org.jsoup.parser$TokenQueue#chompBalanced(char,char):262;0.0
org.jsoup.parser$TokenQueue#unescape(java.lang.String):289;0.0
org.jsoup.parser$TokenQueue#consumeWhitespace():307;0.0
org.jsoup.parser$TokenQueue#consumeWord():320;0.0
org.jsoup.parser$TokenQueue#consumeTagName():332;0.0
org.jsoup.parser$TokenQueue#consumeElementSelector():345;0.0
org.jsoup.parser$TokenQueue#consumeCssIdentifier():358;0.0
org.jsoup.parser$TokenQueue#consumeAttributeKey():370;0.0
org.jsoup.parser$TokenQueue#remainder():382;0.0
org.jsoup.parser$TokenQueue#toString():390;0.0
org.jsoup.select$Evaluator#Evaluator():15;0.0
org.jsoup.select$Evaluator$AttributeStarting#Evaluator$AttributeStarting(java.lang.String):119;0.0
org.jsoup.select$Evaluator$AttributeStarting#matches(org.jsoup.nodes.Element,org.jsoup.nodes.Element):125;0.0
org.jsoup.select$Evaluator$AttributeStarting#toString():135;0.0
org.jsoup.select$Collector#Collector():13;0.0
org.jsoup.select$Collector#collect(org.jsoup.select.Evaluator,org.jsoup.nodes.Element):23;0.0
org.jsoup.select$Elements#Elements():18;0.0
org.jsoup.select$Elements#Elements(java.util.Collection):22;0.0
org.jsoup.select$Elements#Elements(java.util.List):26;0.0
org.jsoup.select$Elements#Elements(org.jsoup.nodes.Element[]):31;0.0
org.jsoup.select$Elements#clone():36;0.0
org.jsoup.select$Elements#attr(java.lang.String):54;0.0
org.jsoup.select$Elements#hasAttr(java.lang.String):67;0.0
org.jsoup.select$Elements#attr(java.lang.String,java.lang.String):81;0.0
org.jsoup.select$Elements#removeAttr(java.lang.String):93;0.0
org.jsoup.select$Elements#addClass(java.lang.String):105;0.0
org.jsoup.select$Elements#removeClass(java.lang.String):117;0.0
org.jsoup.select$Elements#toggleClass(java.lang.String):129;0.0
org.jsoup.select$Elements#hasClass(java.lang.String):141;0.0
org.jsoup.select$Elements#val():154;0.0
org.jsoup.select$Elements#val(java.lang.String):166;0.0
org.jsoup.select$Elements#text():180;0.0
org.jsoup.select$Elements#hasText():190;0.0
org.jsoup.select$Elements#html():204;0.0
org.jsoup.select$Elements#outerHtml():220;0.0
org.jsoup.select$Elements#toString():236;0.0
org.jsoup.select$Elements#tagName(java.lang.String):247;0.0
org.jsoup.select$Elements#html(java.lang.String):260;0.0
org.jsoup.select$Elements#prepend(java.lang.String):273;0.0
org.jsoup.select$Elements#append(java.lang.String):286;0.0
org.jsoup.select$Elements#before(java.lang.String):299;0.0
org.jsoup.select$Elements#after(java.lang.String):312;0.0
org.jsoup.select$Elements#wrap(java.lang.String):328;0.0
org.jsoup.select$Elements#unwrap():349;0.0
org.jsoup.select$Elements#empty():367;0.0
org.jsoup.select$Elements#remove():386;0.0
org.jsoup.select$Elements#select(java.lang.String):400;0.0
org.jsoup.select$Elements#not(java.lang.String):414;0.0
org.jsoup.select$Elements#eq(int):426;0.0
org.jsoup.select$Elements#is(java.lang.String):435;0.0
org.jsoup.select$Elements#parents():444;0.0
org.jsoup.select$Elements#first():457;0.0
org.jsoup.select$Elements#last():465;0.0
org.jsoup.select$Elements#size():469;0.0
org.jsoup.select$Elements#isEmpty():471;0.0
org.jsoup.select$Elements#contains(java.lang.Object):473;0.0
org.jsoup.select$Elements#iterator():475;0.0
org.jsoup.select$Elements#toArray():477;0.0
org.jsoup.select$Elements#toArray(java.lang.Object[]):479;0.0
org.jsoup.select$Elements#add(org.jsoup.nodes.Element):481;0.0
org.jsoup.select$Elements#remove(java.lang.Object):483;0.0
org.jsoup.select$Elements#containsAll(java.util.Collection):485;0.0
org.jsoup.select$Elements#addAll(java.util.Collection):487;0.0
org.jsoup.select$Elements#addAll(int,java.util.Collection):489;0.0
org.jsoup.select$Elements#removeAll(java.util.Collection):491;0.0
org.jsoup.select$Elements#retainAll(java.util.Collection):493;0.0
org.jsoup.select$Elements#clear():495;0.0
org.jsoup.select$Elements#equals(java.lang.Object):497;0.0
org.jsoup.select$Elements#hashCode():499;0.0
org.jsoup.select$Elements#get(int):501;0.0
org.jsoup.select$Elements#set(int,org.jsoup.nodes.Element):503;0.0
org.jsoup.select$Elements#add(int,org.jsoup.nodes.Element):505;0.0
org.jsoup.select$Elements#remove(int):507;0.0
org.jsoup.select$Elements#indexOf(java.lang.Object):509;0.0
org.jsoup.select$Elements#lastIndexOf(java.lang.Object):511;0.0
org.jsoup.select$Elements#listIterator():513;0.0
org.jsoup.select$Elements#listIterator(int):515;0.0
org.jsoup.select$Elements#subList(int,int):517;0.0
org.jsoup.select$Collector$Accumulator#Collector$Accumulator(org.jsoup.nodes.Element,org.jsoup.select.Elements,org.jsoup.select.Evaluator):33;0.0
org.jsoup.select$Collector$Accumulator#head(org.jsoup.nodes.Node,int):40;0.0
org.jsoup.select$Collector$Accumulator#tail(org.jsoup.nodes.Node,int):49;0.0
org.jsoup.select$Evaluator$Tag#Evaluator$Tag(java.lang.String):32;0.0
org.jsoup.select$Evaluator$Tag#matches(org.jsoup.nodes.Element,org.jsoup.nodes.Element):38;0.0
org.jsoup.select$Evaluator$Tag#toString():43;0.0
org.jsoup.select$CombiningEvaluator#CombiningEvaluator():18;0.0
org.jsoup.select$CombiningEvaluator#CombiningEvaluator(java.util.Collection):23;0.0
org.jsoup.select$CombiningEvaluator$And#CombiningEvaluator$And(java.util.Collection):29;0.0
org.jsoup.select$CombiningEvaluator$And#CombiningEvaluator$And(org.jsoup.select.Evaluator[]):33;0.0
org.jsoup.select$CombiningEvaluator$And#matches(org.jsoup.nodes.Element,org.jsoup.nodes.Element):38;0.0
org.jsoup.select$CombiningEvaluator$And#toString():47;0.0
org.jsoup.select$StructuralEvaluator#StructuralEvaluator():8;0.0
org.jsoup.select$StructuralEvaluator$Parent#StructuralEvaluator$Parent(org.jsoup.select.Evaluator):50;0.0
org.jsoup.select$StructuralEvaluator$Parent#matches(org.jsoup.nodes.Element,org.jsoup.nodes.Element):55;0.0
org.jsoup.select$StructuralEvaluator$Parent#toString():68;0.0
org.jsoup.select$Evaluator$Class#Evaluator$Class(java.lang.String):75;0.0
org.jsoup.select$Evaluator$Class#matches(org.jsoup.nodes.Element,org.jsoup.nodes.Element):81;0.0
org.jsoup.select$Evaluator$Class#toString():86;0.0
org.jsoup.parser$ParseError#ParseError(java.lang.String,char,org.jsoup.parser.TokeniserState,int):15;0.0
org.jsoup.parser$ParseError#ParseError(java.lang.String,org.jsoup.parser.TokeniserState,int):22;0.0
org.jsoup.parser$ParseError#ParseError(java.lang.String,int):28;0.0
org.jsoup.parser$ParseError#ParseError(java.lang.String,org.jsoup.parser.TreeBuilderState,org.jsoup.parser.Token,int):33;0.0
org.jsoup.parser$ParseError#getErrorMsg():41;0.0
org.jsoup.parser$ParseError#getPos():45;0.0
org.jsoup.select$Evaluator$IndexEvaluator#Evaluator$IndexEvaluator(int):364;0.0
org.jsoup.select$Evaluator$IndexEquals#Evaluator$IndexEquals(int):341;0.0
org.jsoup.select$Evaluator$IndexEquals#matches(org.jsoup.nodes.Element,org.jsoup.nodes.Element):346;0.0
org.jsoup.select$Evaluator$IndexEquals#toString():351;0.0
org.jsoup.select$Evaluator$AttributeWithValueMatching#Evaluator$AttributeWithValueMatching(java.lang.String,java.util.regex.Pattern):247;0.0
org.jsoup.select$Evaluator$AttributeWithValueMatching#matches(org.jsoup.nodes.Element,org.jsoup.nodes.Element):254;0.0
org.jsoup.select$Evaluator$AttributeWithValueMatching#toString():259;0.0
org.jsoup.select$Evaluator$AllElements#Evaluator$AllElements():283;0.0
org.jsoup.select$Evaluator$AllElements#matches(org.jsoup.nodes.Element,org.jsoup.nodes.Element):287;0.0
org.jsoup.select$Evaluator$AllElements#toString():292;0.0
org.jsoup.select$Evaluator$Id#Evaluator$Id(java.lang.String):53;0.0
org.jsoup.select$Evaluator$Id#matches(org.jsoup.nodes.Element,org.jsoup.nodes.Element):59;0.0
org.jsoup.select$Evaluator$Id#toString():64;0.0
org.jsoup.select$StructuralEvaluator$Not#StructuralEvaluator$Not(org.jsoup.select.Evaluator):36;0.0
org.jsoup.select$StructuralEvaluator$Not#matches(org.jsoup.nodes.Element,org.jsoup.nodes.Element):41;0.0
org.jsoup.select$StructuralEvaluator$Not#toString():45;0.0
org.jsoup.select$Evaluator$Attribute#Evaluator$Attribute(java.lang.String):97;0.0
org.jsoup.select$Evaluator$Attribute#matches(org.jsoup.nodes.Element,org.jsoup.nodes.Element):103;0.0
org.jsoup.select$Evaluator$Attribute#toString():108;0.0
org.jsoup.select$Evaluator$AttributeKeyPair#Evaluator$AttributeKeyPair(java.lang.String,java.lang.String):271;0.0
org.jsoup.select$Evaluator$AttributeWithValue#Evaluator$AttributeWithValue(java.lang.String,java.lang.String):145;0.0
org.jsoup.select$Evaluator$AttributeWithValue#matches(org.jsoup.nodes.Element,org.jsoup.nodes.Element):150;0.0
org.jsoup.select$Evaluator$AttributeWithValue#toString():155;0.0
org.jsoup.select$Evaluator$AttributeWithValueNot#Evaluator$AttributeWithValueNot(java.lang.String,java.lang.String):165;0.0
org.jsoup.select$Evaluator$AttributeWithValueNot#matches(org.jsoup.nodes.Element,org.jsoup.nodes.Element):170;0.0
org.jsoup.select$Evaluator$AttributeWithValueNot#toString():175;0.0
org.jsoup.select$Evaluator$AttributeWithValueStarting#Evaluator$AttributeWithValueStarting(java.lang.String,java.lang.String):185;0.0
org.jsoup.select$Evaluator$AttributeWithValueStarting#matches(org.jsoup.nodes.Element,org.jsoup.nodes.Element):190;0.0
org.jsoup.select$Evaluator$AttributeWithValueStarting#toString():195;0.0
org.jsoup.select$Evaluator$AttributeWithValueEnding#Evaluator$AttributeWithValueEnding(java.lang.String,java.lang.String):205;0.0
org.jsoup.select$Evaluator$AttributeWithValueEnding#matches(org.jsoup.nodes.Element,org.jsoup.nodes.Element):210;0.0
org.jsoup.select$Evaluator$AttributeWithValueEnding#toString():215;0.0
org.jsoup.select$Evaluator$AttributeWithValueContaining#Evaluator$AttributeWithValueContaining(java.lang.String,java.lang.String):225;0.0
org.jsoup.select$Evaluator$AttributeWithValueContaining#matches(org.jsoup.nodes.Element,org.jsoup.nodes.Element):230;0.0
org.jsoup.select$Evaluator$AttributeWithValueContaining#toString():235;0.0
org.jsoup.select$StructuralEvaluator$ImmediatePreviousSibling#StructuralEvaluator$ImmediatePreviousSibling(org.jsoup.select.Evaluator):112;0.0
org.jsoup.select$StructuralEvaluator$ImmediatePreviousSibling#matches(org.jsoup.nodes.Element,org.jsoup.nodes.Element):117;0.0
org.jsoup.select$StructuralEvaluator$ImmediatePreviousSibling#toString():125;0.0
org.jsoup.select$Evaluator$ContainsText#Evaluator$ContainsText(java.lang.String):375;0.0
org.jsoup.select$Evaluator$ContainsText#matches(org.jsoup.nodes.Element,org.jsoup.nodes.Element):381;0.0
org.jsoup.select$Evaluator$ContainsText#toString():386;0.0
org.jsoup.select$Evaluator$IndexGreaterThan#Evaluator$IndexGreaterThan(int):321;0.0
org.jsoup.select$Evaluator$IndexGreaterThan#matches(org.jsoup.nodes.Element,org.jsoup.nodes.Element):326;0.0
org.jsoup.select$Evaluator$IndexGreaterThan#toString():331;0.0
org.jsoup.select$StructuralEvaluator$ImmediateParent#StructuralEvaluator$ImmediateParent(org.jsoup.select.Evaluator):73;0.0
org.jsoup.select$StructuralEvaluator$ImmediateParent#matches(org.jsoup.nodes.Element,org.jsoup.nodes.Element):78;0.0
org.jsoup.select$Evaluator$IndexLessThan#Evaluator$IndexLessThan(int):301;0.0
org.jsoup.select$Evaluator$IndexLessThan#matches(org.jsoup.nodes.Element,org.jsoup.nodes.Element):306;0.0
org.jsoup.select$Evaluator$IndexLessThan#toString():311;0.0
org.jsoup.select$CombiningEvaluator$Or#CombiningEvaluator$Or(java.util.Collection):57;0.0
org.jsoup.select$CombiningEvaluator$Or#add(org.jsoup.select.Evaluator):65;0.0
org.jsoup.select$CombiningEvaluator$Or#matches(org.jsoup.nodes.Element,org.jsoup.nodes.Element):70;0.0
org.jsoup.select$CombiningEvaluator$Or#toString():79;0.0
org.jsoup.select$Evaluator$ContainsOwnText#Evaluator$ContainsOwnText(java.lang.String):396;0.0
org.jsoup.select$Evaluator$ContainsOwnText#matches(org.jsoup.nodes.Element,org.jsoup.nodes.Element):402;0.0
org.jsoup.select$Evaluator$ContainsOwnText#toString():407;0.0
org.jsoup.select$Evaluator$Matches#Evaluator$Matches(java.util.regex.Pattern):417;0.0
org.jsoup.select$Evaluator$Matches#matches(org.jsoup.nodes.Element,org.jsoup.nodes.Element):423;0.0
org.jsoup.select$Evaluator$Matches#toString():429;0.0
org.jsoup.select$StructuralEvaluator$Has#StructuralEvaluator$Has(org.jsoup.select.Evaluator):18;0.0
org.jsoup.select$StructuralEvaluator$Has#matches(org.jsoup.nodes.Element,org.jsoup.nodes.Element):23;0.0
org.jsoup.select$StructuralEvaluator$Has#toString():31;0.0
org.jsoup.select$StructuralEvaluator$PreviousSibling#StructuralEvaluator$PreviousSibling(org.jsoup.select.Evaluator):87;0.0
org.jsoup.select$StructuralEvaluator$PreviousSibling#matches(org.jsoup.nodes.Element,org.jsoup.nodes.Element):92;0.0
org.jsoup.select$StructuralEvaluator$PreviousSibling#toString():107;0.0
org.jsoup.select$Evaluator$MatchesOwn#Evaluator$MatchesOwn(java.util.regex.Pattern):439;0.0
org.jsoup.select$Evaluator$MatchesOwn#matches(org.jsoup.nodes.Element,org.jsoup.nodes.Element):445;0.0
org.jsoup.select$Evaluator$MatchesOwn#toString():451;0.0
org.jsoup.select$StructuralEvaluator$Root#StructuralEvaluator$Root():11;0.0
org.jsoup.select$StructuralEvaluator$Root#matches(org.jsoup.nodes.Element,org.jsoup.nodes.Element):13;0.0
org.jsoup.helper$DataUtil#DataUtil():24;0.0
org.jsoup.helper$DataUtil#<clinit>():20;0.0
org.jsoup.helper$DataUtil#load(java.io.File,java.lang.String,java.lang.String):35;0.0
org.jsoup.helper$DataUtil#load(java.io.InputStream,java.lang.String,java.lang.String):55;0.0
org.jsoup.helper$DataUtil#parseByteData(java.nio.ByteBuffer,java.lang.String,java.lang.String):63;0.0
org.jsoup.helper$DataUtil#readToByteBuffer(java.io.InputStream):90;0.0
org.jsoup.helper$DataUtil#getCharsetFromContentType(java.lang.String):108;0.0
org.jsoup.parser$Token$Doctype#Token$Doctype():22;0.0
org.jsoup.parser$Token$Doctype#getName():27;0.0
org.jsoup.parser$Token$Doctype#getPublicIdentifier():31;0.0
org.jsoup.parser$Token$Doctype#getSystemIdentifier():35;0.0
org.jsoup.parser$Token$Doctype#isForceQuirks():39;0.0
org.jsoup.nodes$DocumentType#DocumentType(java.lang.String,java.lang.String,java.lang.String,java.lang.String):20;0.0
org.jsoup.nodes$DocumentType#nodeName():30;0.0
org.jsoup.nodes$DocumentType#outerHtmlHead(java.lang.StringBuilder,int,org.jsoup.nodes.Document$OutputSettings):35;0.0
org.jsoup.nodes$DocumentType#outerHtmlTail(java.lang.StringBuilder,int,org.jsoup.nodes.Document$OutputSettings):45;0.0
org.jsoup.nodes$DataNode#DataNode(java.lang.String,java.lang.String):16;0.0
org.jsoup.nodes$DataNode#nodeName():21;0.0
org.jsoup.nodes$DataNode#getWholeData():29;0.0
org.jsoup.nodes$DataNode#setWholeData(java.lang.String):38;0.0
org.jsoup.nodes$DataNode#outerHtmlHead(java.lang.StringBuilder,int,org.jsoup.nodes.Document$OutputSettings):43;0.0
org.jsoup.nodes$DataNode#outerHtmlTail(java.lang.StringBuilder,int,org.jsoup.nodes.Document$OutputSettings):46;0.0
org.jsoup.nodes$DataNode#toString():49;0.0
org.jsoup.nodes$DataNode#createFromEncoded(java.lang.String,java.lang.String):59;0.0
org.jsoup.parser$Token$Comment#Token$Comment():158;0.0
org.jsoup.parser$Token$Comment#getData():163;0.0
org.jsoup.parser$Token$Comment#toString():168;0.0
org.jsoup.nodes$Comment#Comment(java.lang.String,java.lang.String):16;0.0
org.jsoup.nodes$Comment#nodeName():21;0.0
org.jsoup.nodes$Comment#getData():29;0.0
org.jsoup.nodes$Comment#outerHtmlHead(java.lang.StringBuilder,int,org.jsoup.nodes.Document$OutputSettings):33;0.0
org.jsoup.nodes$Comment#outerHtmlTail(java.lang.StringBuilder,int,org.jsoup.nodes.Document$OutputSettings):41;0.0
org.jsoup.nodes$Comment#toString():44;0.0
org.jsoup.nodes$Attributes$Dataset#Attributes$Dataset(org.jsoup.nodes.Attributes):193;0.0
org.jsoup.nodes$Attributes$Dataset#entrySet():199;0.0
org.jsoup.nodes$Attributes$Dataset#put(java.lang.String,java.lang.String):204;0.0
org.jsoup.nodes$Attributes$Dataset$EntrySet#Attributes$Dataset$EntrySet(org.jsoup.nodes.Attributes$Dataset):211;0.0
org.jsoup.nodes$Attributes$Dataset$EntrySet#iterator():213;0.0
org.jsoup.nodes$Attributes$Dataset$EntrySet#size():217;0.0
org.jsoup.nodes$Attributes$Dataset$DatasetIterator#Attributes$Dataset$DatasetIterator(org.jsoup.nodes.Attributes$Dataset):225;0.0
org.jsoup.nodes$Attributes$Dataset$DatasetIterator#hasNext():229;0.0
org.jsoup.nodes$Attributes$Dataset$DatasetIterator#next():237;0.0
org.jsoup.nodes$Attributes$Dataset$DatasetIterator#remove():241;0.0
org.jsoup.safety$Whitelist#Whitelist():169;0.0
org.jsoup.safety$Whitelist#none():62;0.0
org.jsoup.safety$Whitelist#simpleText():72;0.0
org.jsoup.safety$Whitelist#basic():89;0.0
org.jsoup.safety$Whitelist#basicWithImages():115;0.0
org.jsoup.safety$Whitelist#relaxed():132;0.0
org.jsoup.safety$Whitelist#addTags(java.lang.String[]):183;0.0
org.jsoup.safety$Whitelist#addAttributes(java.lang.String,java.lang.String[]):203;0.0
org.jsoup.safety$Whitelist#addEnforcedAttribute(java.lang.String,java.lang.String,java.lang.String):234;0.0
org.jsoup.safety$Whitelist#addProtocols(java.lang.String,java.lang.String,java.lang.String[]):264;0.0
org.jsoup.safety$Whitelist#isSafeTag(java.lang.String):294;0.0
org.jsoup.safety$Whitelist#isSafeAttribute(java.lang.String,org.jsoup.nodes.Element,org.jsoup.nodes.Attribute):298;0.0
org.jsoup.safety$Whitelist#testValidProtocol(org.jsoup.nodes.Element,org.jsoup.nodes.Attribute,java.util.Set):320;0.0
org.jsoup.safety$Whitelist#getEnforcedAttributes(java.lang.String):333;0.0
org.jsoup.safety$Whitelist$TypedValue#Whitelist$TypedValue(java.lang.String):389;0.0
org.jsoup.safety$Whitelist$TypedValue#hashCode():396;0.0
org.jsoup.safety$Whitelist$TypedValue#equals(java.lang.Object):404;0.0
org.jsoup.safety$Whitelist$TypedValue#toString():416;0.0
org.jsoup.safety$Whitelist$TagName#Whitelist$TagName(java.lang.String):348;0.0
org.jsoup.safety$Whitelist$TagName#valueOf(java.lang.String):352;0.0
org.jsoup.safety$Whitelist$AttributeKey#Whitelist$AttributeKey(java.lang.String):358;0.0
org.jsoup.safety$Whitelist$AttributeKey#valueOf(java.lang.String):362;0.0
org.jsoup.safety$Whitelist$Protocol#Whitelist$Protocol(java.lang.String):378;0.0
org.jsoup.safety$Whitelist$Protocol#valueOf(java.lang.String):382;0.0
org.jsoup.safety$Whitelist$AttributeValue#Whitelist$AttributeValue(java.lang.String):368;0.0
org.jsoup.safety$Whitelist$AttributeValue#valueOf(java.lang.String):372;0.0
org.jsoup.safety$Cleaner#Cleaner(org.jsoup.safety.Whitelist):28;0.0
org.jsoup.safety$Cleaner#clean(org.jsoup.nodes.Document):40;0.0
org.jsoup.safety$Cleaner#isValid(org.jsoup.nodes.Document):59;0.0
org.jsoup.safety$Cleaner#copySafeNodes(org.jsoup.nodes.Element,org.jsoup.nodes.Element):73;0.0
org.jsoup.safety$Cleaner#createSafeElement(org.jsoup.nodes.Element):101;0.0
org.jsoup.safety$Cleaner$ElementMeta#Cleaner$ElementMeta(org.jsoup.nodes.Element,int):123;0.0
org.jsoup.helper$HttpConnection#HttpConnection():37;0.0
org.jsoup.helper$HttpConnection#connect(java.lang.String):23;0.0
org.jsoup.helper$HttpConnection#connect(java.net.URL):29;0.0
org.jsoup.helper$HttpConnection#url(java.net.URL):43;0.0
org.jsoup.helper$HttpConnection#url(java.lang.String):48;0.0
org.jsoup.helper$HttpConnection#userAgent(java.lang.String):58;0.0
org.jsoup.helper$HttpConnection#timeout(int):64;0.0
org.jsoup.helper$HttpConnection#followRedirects(boolean):69;0.0
org.jsoup.helper$HttpConnection#referrer(java.lang.String):74;0.0
org.jsoup.helper$HttpConnection#method(org.jsoup.Connection$Method):80;0.0
org.jsoup.helper$HttpConnection#ignoreHttpErrors(boolean):85;0.0
org.jsoup.helper$HttpConnection#ignoreContentType(boolean):90;0.0
org.jsoup.helper$HttpConnection#data(java.lang.String,java.lang.String):95;0.0
org.jsoup.helper$HttpConnection#data(java.util.Map):100;0.0
org.jsoup.helper$HttpConnection#data(java.lang.String[]):108;0.0
org.jsoup.helper$HttpConnection#header(java.lang.String,java.lang.String):121;0.0
org.jsoup.helper$HttpConnection#cookie(java.lang.String,java.lang.String):126;0.0
org.jsoup.helper$HttpConnection#get():131;0.0
org.jsoup.helper$HttpConnection#post():137;0.0
org.jsoup.helper$HttpConnection#execute():143;0.0
org.jsoup.helper$HttpConnection#request():148;0.0
org.jsoup.helper$HttpConnection#request(org.jsoup.Connection$Request):152;0.0
org.jsoup.helper$HttpConnection#response():157;0.0
org.jsoup.helper$HttpConnection#response(org.jsoup.Connection$Response):161;0.0
org.jsoup.helper$HttpConnection$Base#HttpConnection$Base():172;0.0
org.jsoup.helper$HttpConnection$Base#url():178;0.0
org.jsoup.helper$HttpConnection$Base#url(java.net.URL):182;0.0
org.jsoup.helper$HttpConnection$Base#method():188;0.0
org.jsoup.helper$HttpConnection$Base#method(org.jsoup.Connection$Method):192;0.0
org.jsoup.helper$HttpConnection$Base#header(java.lang.String):198;0.0
org.jsoup.helper$HttpConnection$Base#header(java.lang.String,java.lang.String):203;0.0
org.jsoup.helper$HttpConnection$Base#hasHeader(java.lang.String):211;0.0
org.jsoup.helper$HttpConnection$Base#removeHeader(java.lang.String):216;0.0
org.jsoup.helper$HttpConnection$Base#headers():224;0.0
org.jsoup.helper$HttpConnection$Base#getHeaderCaseInsensitive(java.lang.String):228;0.0
org.jsoup.helper$HttpConnection$Base#scanHeaders(java.lang.String):242;0.0
org.jsoup.helper$HttpConnection$Base#cookie(java.lang.String):251;0.0
org.jsoup.helper$HttpConnection$Base#cookie(java.lang.String,java.lang.String):256;0.0
org.jsoup.helper$HttpConnection$Base#hasCookie(java.lang.String):263;0.0
org.jsoup.helper$HttpConnection$Base#removeCookie(java.lang.String):268;0.0
org.jsoup.helper$HttpConnection$Base#cookies():274;0.0
org.jsoup.helper$HttpConnection$Request#HttpConnection$Request():285;0.0
org.jsoup.helper$HttpConnection$Request#timeout():294;0.0
org.jsoup.helper$HttpConnection$Request#timeout(int):298;0.0
org.jsoup.helper$HttpConnection$Request#followRedirects():304;0.0
org.jsoup.helper$HttpConnection$Request#followRedirects(boolean):308;0.0
org.jsoup.helper$HttpConnection$Request#ignoreHttpErrors():313;0.0
org.jsoup.helper$HttpConnection$Request#ignoreHttpErrors(boolean):317;0.0
org.jsoup.helper$HttpConnection$Request#ignoreContentType():321;0.0
org.jsoup.helper$HttpConnection$Request#ignoreContentType(boolean):325;0.0
org.jsoup.helper$HttpConnection$Request#data(org.jsoup.Connection$KeyVal):329;0.0
org.jsoup.helper$HttpConnection$Request#data():335;0.0
org.jsoup$Connection$Method#Connection$Method(java.lang.String,int):27;0.0
org.jsoup$Connection$Method#<clinit>():28;0.0
org.jsoup.helper$HttpConnection$Response#HttpConnection$Response():351;0.0
org.jsoup.helper$HttpConnection$Response#HttpConnection$Response(org.jsoup.helper.HttpConnection$Response):355;0.0
org.jsoup.helper$HttpConnection$Response#execute(org.jsoup.Connection$Request):364;0.0
org.jsoup.helper$HttpConnection$Response#execute(org.jsoup.Connection$Request,org.jsoup.helper.HttpConnection$Response):368;0.0
org.jsoup.helper$HttpConnection$Response#statusCode():420;0.0
org.jsoup.helper$HttpConnection$Response#statusMessage():424;0.0
org.jsoup.helper$HttpConnection$Response#charset():428;0.0
org.jsoup.helper$HttpConnection$Response#contentType():432;0.0
org.jsoup.helper$HttpConnection$Response#parse():436;0.0
org.jsoup.helper$HttpConnection$Response#body():447;0.0
org.jsoup.helper$HttpConnection$Response#bodyAsBytes():459;0.0
org.jsoup.helper$HttpConnection$Response#createConnection(org.jsoup.Connection$Request):465;0.0
org.jsoup.helper$HttpConnection$Response#setupFromConnection(java.net.HttpURLConnection,org.jsoup.Connection$Response):482;0.0
org.jsoup.helper$HttpConnection$Response#processResponseHeaders(java.util.Map):501;0.0
org.jsoup.helper$HttpConnection$Response#writePost(java.util.Collection,java.io.OutputStream):529;0.0
org.jsoup.helper$HttpConnection$Response#getRequestCookieString(org.jsoup.Connection$Request):545;0.0
org.jsoup.helper$HttpConnection$Response#serialiseRequestUrl(org.jsoup.Connection$Request):560;0.0
org.jsoup.helper$HttpConnection$KeyVal#HttpConnection$KeyVal(java.lang.String,java.lang.String):599;0.0
org.jsoup.helper$HttpConnection$KeyVal#create(java.lang.String,java.lang.String):594;0.0
org.jsoup.helper$HttpConnection$KeyVal#key(java.lang.String):605;0.0
org.jsoup.helper$HttpConnection$KeyVal#key():611;0.0
org.jsoup.helper$HttpConnection$KeyVal#value(java.lang.String):615;0.0
org.jsoup.helper$HttpConnection$KeyVal#value():621;0.0
org.jsoup.helper$HttpConnection$KeyVal#toString():626;0.0
